ChapterBaryonAsymmetry	False	1	0
ChapterBrstReducedTransfer	False	1	0
ChapterBrstTruncationLeakage	False	1	0
ChapterBrstUnboundedLeakage	False	1	0
ChapterCPTHamiltonian	False	1	0
ChapterCPTPT	False	1	0
ChapterCPTParity	False	1	0
ChapterElectroweakFieldStrength	False	1	0
ChapterFermionFock	False	1	0
ChapterMajoranaClifford	False	1	0
ChapterMajoranaFourier	False	1	0
ChapterMajoranaProp61	False	1	0
ChapterMajoranaProp74	False	1	0
ChapterMajoranaProp76	False	1	0
ChapterParity	False	1	0
ChapterParityChirality	False	1	0
ChapterParityCustodial	False	1	0
ChapterParityHiggs	False	1	0
ChapterParityHypercharge	False	1	0
ChapterParityMajoranaQuant	False	1	0
ChapterParityQL	False	1	0
ChapterParitySU2	False	1	0
ChapterParitySU3	False	1	0
ChapterParityZ4	False	1	0
ChapterQedAbelianConsolidation	False	1	0
ChapterQedFockGapChain	False	1	0
ChapterQg3DGaugeEsa	False	1	0
ChapterQgBrstCompleted	False	1	0
ChapterQgBrstDerivativeGauge	False	1	0
ChapterQgContinuumModeInstance	False	1	0
ChapterQgCouplingDGammaSum	False	1	0
ChapterQgDerivativeRealization	False	1	0
ChapterQgHermiteCore	False	1	0
ChapterQgHermiteFriedrichs	False	1	0
ChapterQgHermiteOscillatorEsa	False	1	0
ChapterQgManifoldModeInstance	False	1	0
ChapterQgMultiHalfDensity	False	1	0
ChapterQgOneParticleCcEsa	False	1	0
ChapterQgOuterFockCoreFL	False	1	0
ChapterQgOuterFockEllipticFL	False	1	0
ChapterBaryonAsymmetry	True	0	91
ChapterBrstReducedTransfer	True	0	282
ChapterBrstUnboundedLeakage	True	0	720
ChapterBrstTruncationLeakage	True	0	629
ChapterCPTPT	True	0	193
ChapterCPTHamiltonian	True	0	483
ChapterCPTParity	True	0	121
ChapterElectroweakFieldStrength	True	0	232
ChapterFermionFock	True	0	1947
ChapterMajoranaClifford	True	0	129
ChapterMajoranaFourier	True	0	481
ChapterMajoranaProp61	True	0	155
ChapterMajoranaProp76	True	0	106
ChapterMajoranaProp74	True	0	250
ChapterParity	True	0	198
ChapterParityChirality	True	0	333
ChapterParityCustodial	True	0	96
ChapterParityHiggs	True	0	146
ChapterParityHypercharge	True	0	71
ChapterParityMajoranaQuant	True	0	200
ChapterParityQL	True	0	45
ChapterParitySU2	True	0	69
ChapterParitySU3	True	0	74
ChapterParityZ4	True	0	75
ChapterQedFockGapChain	True	0	258
ChapterQedAbelianConsolidation	True	0	157
ChapterQgBrstCompleted	True	0	857
ChapterQg3DGaugeEsa	True	0	642
ChapterQgBrstDerivativeGauge	True	0	286
ChapterQgContinuumModeInstance	True	0	529
ChapterQgCouplingDGammaSum	True	0	699
ChapterQgDerivativeRealization	True	0	684
ChapterQgHermiteCore	True	0	1164
ChapterQgHermiteFriedrichs	True	0	1232
ChapterQgHermiteOscillatorEsa	True	0	607
ChapterQgManifoldModeInstance	True	0	434
ChapterQgMultiHalfDensity	True	0	467
ChapterQgOuterFockCoreFL	True	0	758
ChapterQgOuterFockEllipticFL	True	0	505
ChapterQgOneParticleCcEsa	True	0	2760
ChapterRoadmapAudit	True	0	2152
ChapterQgOuterFockFarisLavine	True	0	1013
ChapterQgOuterFockFlow	TIMEOUT	-1	-1
ChapterQgTimeIndependentFlow	TIMEOUT	-1	-1
ChapterQgPhysicalSectorIdentity	TIMEOUT	-1	-1
ChapterQuantumGravity3DGauge	TIMEOUT	-1	-1
ChapterScalaronEdge	TIMEOUT	-1	-1
ChapterQymTimeIndependentFlow	TIMEOUT	-1	-1
ChapterQuantumGravityFock	TIMEOUT	-1	-1
ChapterQuantumGravityBrstCharge	TIMEOUT	-1	-1
